{
	"BeginTime": 0.0,
	"ColliderSize": 1.0,
	"Curve": {
		"0.000000": {
			"X": 0.0,
			"Y": 0.0,
			"Z": 2.0
		},
		"0.083000": {
			"X": 2.0,
			"Y": 0.0,
			"Z": 0.0
		},
		"0.166000": {
			"X": 0.0,
			"Y": 0.0,
			"Z": -2.0
		},
		"0.250000": {
			"X": -2.0,
			"Y": 0.0,
			"Z": 0.0
		},
		"0.333000": {
			"X": 0.0,
			"Y": 0.0,
			"Z": 2.0
		},
		"0.416000": {
			"X": 2.0,
			"Y": 0.0,
			"Z": 0.0
		},
		"0.500000": {
			"X": 0.0,
			"Y": 0.0,
			"Z": -2.0
		},
		"0.583300": {
			"X": -2.0,
			"Y": 0.0,
			"Z": 0.0
		},
		"0.666000": {
			"X": 0.0,
			"Y": 0.0,
			"Z": 2.0
		},
		"0.750000": {
			"X": 2.0,
			"Y": 0.0,
			"Z": 0.0
		},
		"0.833333": {
			"X": 0.0,
			"Y": 0.0,
			"Z": -2.0
		},
		"0.916000": {
			"X": -2.0,
			"Y": 0.0,
			"Z": 0.0
		},
		"1.000000": {
			"X": 0.0,
			"Y": 0.0,
			"Z": 2.0
		}
	},
	"EndTime": 1.0
}