{
	"BeginTime": 0.10000000149011612,
	"ColliderSize": 1.0,
	"Curve": {
		"0.100000": {
			"X": -2.0,
			"Y": 0.0,
			"Z": 0.0
		},
		"0.200000": {
			"X": 0.0,
			"Y": 0.0,
			"Z": 2.0
		},
		"0.300000": {
			"X": 2.0,
			"Y": 0.0,
			"Z": 0.0
		}
	},
	"EndTime": 0.30000001192092896
}